timestamp,slug,topic_title,provider,words,success
2026-09-30T16:32:14.215Z,-,no artifacts,-,0,skipped
2026-09-30T16:37:13.795Z,-,no artifacts,-,0,skipped
2026-09-30T17:30:53.902Z,-,no artifacts,-,0,skipped
2026-09-30T22:19:30.241Z,-,no artifacts,-,0,skipped
2026-10-01T13:18:15.590Z,-,no artifacts,-,0,skipped
2026-10-01T22:44:21.412Z,-,no artifacts,-,0,skipped
2026-10-02T12:37:34.738Z,-,no artifacts,-,0,skipped
2026-10-02T22:17:41.273Z,-,no artifacts,-,0,skipped
2026-10-03T11:41:26.903Z,-,no artifacts,-,0,skipped
2026-10-03T21:22:08.989Z,-,no artifacts,-,0,skipped
2026-10-04T12:24:07.112Z,-,no artifacts,-,0,skipped
2026-10-04T12:55:11.360Z,-,no artifacts,-,0,skipped
2026-10-04T21:31:25.427Z,-,no artifacts,-,0,skipped
2026-10-05T04:43:02.452Z,-,no artifacts,-,0,skipped
2026-10-05T04:52:24.445Z,-,no artifacts,-,0,skipped
2026-10-05T14:42:31.272Z,-,no artifacts,-,0,skipped
2026-10-06T00:06:22.520Z,-,no artifacts,-,0,skipped
2026-10-06T09:00:53.423Z,-,no artifacts,-,0,skipped
2026-10-06T10:07:34.450Z,-,no artifacts,-,0,skipped
2026-10-06T10:28:24.775Z,-,no artifacts,-,0,skipped
2026-10-06T10:52:27.677Z,-,no artifacts,-,0,skipped
2026-10-06T12:28:28.603Z,-,no artifacts,-,0,skipped
2026-10-06T13:20:16.036Z,-,no artifacts,-,0,skipped
2026-10-06T22:41:07.154Z,-,no artifacts,-,0,skipped
2026-10-07T05:20:03.471Z,-,no artifacts,-,0,skipped
2026-10-07T05:26:58.450Z,-,no artifacts,-,0,skipped
2026-10-07T05:32:19.749Z,-,no artifacts,-,0,skipped
2026-10-07T05:38:50.551Z,-,no artifacts,-,0,skipped
2026-10-07T13:30:28.984Z,-,no artifacts,-,0,skipped
2026-10-07T23:09:04.961Z,-,no artifacts,-,0,skipped
2026-10-08T13:32:10.768Z,-,no artifacts,-,0,skipped
2026-10-08T23:24:03.933Z,-,no artifacts,-,0,skipped
2026-10-09T13:19:56.432Z,-,no artifacts,-,0,skipped
